{
  "project_info": {
    "project_number": "833147385223",
    "firebase_url": "https://tictactoemad-3fe2f.firebaseio.com",
    "project_id": "tictactoemad-3fe2f",
    "storage_bucket": "tictactoemad-3fe2f.appspot.com"
  },
  "client": [
    {
      "client_info": {
        "mobilesdk_app_id": "1:833147385223:android:ea14ebf7b2470cdf540f22",
        "android_client_info": {
          "package_name": "co.edu.unal.tic_tac_toe"
        }
      },
      "oauth_client": [
        {
          "client_id": "833147385223-rs5ov8kkjqggk4ibenrhk4vtp6rh2u30.apps.googleusercontent.com",
          "client_type": 3
        }
      ],
      "api_key": [
        {
          "current_key": "AIzaSyAMgbkbEwLvveK2wKsDeSF1idjBzJawo-U"
        }
      ],
      "services": {
        "appinvite_service": {
          "other_platform_oauth_client": [
            {
              "client_id": "833147385223-rs5ov8kkjqggk4ibenrhk4vtp6rh2u30.apps.googleusercontent.com",
              "client_type": 3
            }
          ]
        }
      }
    }
  ],
  "configuration_version": "1"
}